level,taxon,fit_level,fit_taxon,n,cities,ln_a,b,sigma,r2,age_min_years,age_max_years,scale
genus,Abies,genus,Abies,1107,14,0.712216,0.768849,0.820217,0.468164,1.02122,126.689,2.85364
genus,Acacia,division,Angiosperm,1753823,22,0.944994,0.635705,0.613948,0.529363,1.00205,196.687,3.10639
genus,Acer,genus,Acer,238096,21,0.807997,0.693294,0.506969,0.658531,1.00205,183.688,2.55105
genus,Aesculus,genus,Aesculus,29874,20,0.687667,0.743612,0.374424,0.82962,1.00205,196.687,2.1335
genus,Afrocarpus,division,Gymnosperm,129650,21,1.0042,0.597991,0.693953,0.400249,1.00205,197.687,3.47289
genus,Agathis,division,Gymnosperm,129650,21,1.0042,0.597991,0.693953,0.400249,1.00205,197.687,3.47289
genus,Agonis,genus,Agonis,466,3,0.0746488,0.881151,0.690947,0.351413,1.99042,39.9671,1.368
genus,Ailanthus,division,Angiosperm,1753823,22,0.944994,0.635705,0.613948,0.529363,1.00205,196.687,3.10639
genus,Albizia,division,Angiosperm,1753823,22,0.944994,0.635705,0.613948,0.529363,1.00205,196.687,3.10639
genus,Allocasuarina,division,Angiosperm,1753823,22,0.944994,0.635705,0.613948,0.529363,1.00205,196.687,3.10639
genus,Alnus,genus,Alnus,8977,15,1.25908,0.577565,0.476217,0.619276,1.00205,133.687,3.94508
genus,Amelanchier,division,Angiosperm,1753823,22,0.944994,0.635705,0.613948,0.529363,1.00205,196.687,3.10639
genus,Angophora,division,Angiosperm,1753823,22,0.944994,0.635705,0.613948,0.529363,1.00205,196.687,3.10639
genus,Araucaria,division,Gymnosperm,129650,21,1.0042,0.597991,0.693953,0.400249,1.00205,197.687,3.47289
genus,Arbutus,division,Angiosperm,1753823,22,0.944994,0.635705,0.613948,0.529363,1.00205,196.687,3.10639
genus,Banksia,division,Angiosperm,1753823,22,0.944994,0.635705,0.613948,0.529363,1.00205,196.687,3.10639
genus,Bauhinia,division,Angiosperm,1753823,22,0.944994,0.635705,0.613948,0.529363,1.00205,196.687,3.10639
genus,Betula,genus,Betula,27505,21,1.09239,0.547384,0.596293,0.504686,1.00205,138.689,3.56146
genus,Brachychiton,division,Angiosperm,1753823,22,0.944994,0.635705,0.613948,0.529363,1.00205,196.687,3.10639
genus,Broussonetia,division,Angiosperm,1753823,22,0.944994,0.635705,0.613948,0.529363,1.00205,196.687,3.10639
genus,Callistemon,division,Angiosperm,1753823,22,0.944994,0.635705,0.613948,0.529363,1.00205,196.687,3.10639
genus,Calocedrus,division,Angiosperm,1753823,22,0.944994,0.635705,0.613948,0.529363,1.00205,196.687,3.10639
genus,Calodendrum,division,Angiosperm,1753823,22,0.944994,0.635705,0.613948,0.529363,1.00205,196.687,3.10639
genus,Caragana,division,Angiosperm,1753823,22,0.944994,0.635705,0.613948,0.529363,1.00205,196.687,3.10639
genus,Carpinus,genus,Carpinus,22649,18,1.0984,0.564886,0.412454,0.660137,1.00205,145.687,3.26566
genus,Carya,genus,Carya,2183,16,1.00621,0.6228,0.877892,0.333893,1.01574,35.9754,4.02111
genus,Cassia,division,Angiosperm,1753823,22,0.944994,0.635705,0.613948,0.529363,1.00205,196.687,3.10639
genus,Castanea,genus,Castanea,393,10,1.1187,0.624148,0.559462,0.604305,1.57974,131.688,3.57941
genus,Casuarina,genus,Casuarina,2619,3,0.282998,0.993274,0.566083,0.443756,2.69131,36.282,1.55772
genus,Catalpa,genus,Catalpa,5606,17,0.925307,0.722439,0.618488,0.64995,1.00205,176.687,3.05436
genus,Ceanothus,division,Angiosperm,1753823,22,0.944994,0.635705,0.613948,0.529363,1.00205,196.687,3.10639
genus,Cedrus,division,Gymnosperm,129650,21,1.0042,0.597991,0.693953,0.400249,1.00205,197.687,3.47289
genus,Celtis,genus,Celtis,25017,20,1.05705,0.560227,0.500874,0.508827,1.00205,81.6893,3.26248
genus,Ceratonia,division,Angiosperm,1753823,22,0.944994,0.635705,0.613948,0.529363,1.00205,196.687,3.10639
genus,Cercidiphyllum,genus,Cercidiphyllum,4932,17,0.879027,0.561565,0.478805,0.521431,1.00205,86.6913,2.70109
genus,Cercis,genus,Cercis,8740,19,1.34569,0.42263,0.433706,0.347892,1.00205,154.689,4.21962
genus,Chamaecyparis,division,Gymnosperm,129650,21,1.0042,0.597991,0.693953,0.400249,1.00205,197.687,3.47289
genus,Chionanthus,genus,Chionanthus,758,8,1.27669,0.357666,0.479873,0.24769,1.00205,35.0938,4.02221
genus,Chitalpa,division,Angiosperm,1753823,22,0.944994,0.635705,0.613948,0.529363,1.00205,196.687,3.10639
genus,Chorisia,division,Angiosperm,1753823,22,0.944994,0.635705,0.613948,0.529363,1.00205,196.687,3.10639
genus,Cinnamomum,division,Angiosperm,1753823,22,0.944994,0.635705,0.613948,0.529363,1.00205,196.687,3.10639
genus,Citrus,division,Angiosperm,1753823,22,0.944994,0.635705,0.613948,0.529363,1.00205,196.687,3.10639
genus,Cladrastis,genus,Cladrastis,4446,12,1.25652,0.429278,0.432054,0.332971,1.00205,96.6899,3.85687
genus,Cornus,genus,Cornus,4381,17,1.24913,0.382492,0.500213,0.311996,1.01574,93.6893,3.95208
genus,Corylus,genus,Corylus,10269,16,0.771909,0.669302,0.357406,0.710685,1.00205,144.687,2.30661
genus,Corymbia,division,Angiosperm,1753823,22,0.944994,0.635705,0.613948,0.529363,1.00205,196.687,3.10639
genus,Cotinus,genus,Cotinus,132,10,1.44846,0.509327,0.794058,0.28376,1.3963,44.6899,5.83412
genus,Crataegus,genus,Crataegus,15164,20,1.10314,0.476693,0.420771,0.516132,1.00479,121.689,3.29256
genus,Cryptomeria,genus,Cryptomeria,169,8,1.43811,0.456898,0.659514,0.336169,1.35797,48.6899,5.23616
genus,Cupaniopsis,division,Angiosperm,1753823,22,0.944994,0.635705,0.613948,0.529363,1.00205,196.687,3.10639
genus,Cupressus,division,Angiosperm,1753823,22,0.944994,0.635705,0.613948,0.529363,1.00205,196.687,3.10639
genus,Davidia,division,Angiosperm,1753823,22,0.944994,0.635705,0.613948,0.529363,1.00205,196.687,3.10639
genus,Diospyros,division,Angiosperm,1753823,22,0.944994,0.635705,0.613948,0.529363,1.00205,196.687,3.10639
genus,Dodonaea,division,Angiosperm,1753823,22,0.944994,0.635705,0.613948,0.529363,1.00205,196.687,3.10639
genus,Dracaena,division,Angiosperm,1753823,22,0.944994,0.635705,0.613948,0.529363,1.00205,196.687,3.10639
genus,Elaeagnus,genus,Elaeagnus,1205,10,1.19255,0.489973,0.45842,0.491468,1.01848,85.6893,3.66057
genus,Eriobotrya,division,Angiosperm,1753823,22,0.944994,0.635705,0.613948,0.529363,1.00205,196.687,3.10639
genus,Erythrina,division,Angiosperm,1753823,22,0.944994,0.635705,0.613948,0.529363,1.00205,196.687,3.10639
genus,Eucalyptus,division,Angiosperm,1753823,22,0.944994,0.635705,0.613948,0.529363,1.00205,196.687,3.10639
genus,Eucommia,division,Angiosperm,1753823,22,0.944994,0.635705,0.613948,0.529363,1.00205,196.687,3.10639
genus,Eugenia,division,Angiosperm,1753823,22,0.944994,0.635705,0.613948,0.529363,1.00205,196.687,3.10639
genus,Euphorbia,division,Angiosperm,1753823,22,0.944994,0.635705,0.613948,0.529363,1.00205,196.687,3.10639
genus,Fagus,genus,Fagus,6947,17,0.920039,0.645646,0.54811,0.577196,1.03765,189.687,2.91611
genus,Feijoa,division,Angiosperm,1753823,22,0.944994,0.635705,0.613948,0.529363,1.00205,196.687,3.10639
genus,Ficus,division,Angiosperm,1753823,22,0.944994,0.635705,0.613948,0.529363,1.00205,196.687,3.10639
genus,Fraxinus,genus,Fraxinus,89172,19,0.347785,0.854263,0.52756,0.485847,1.01574,164.687,1.62734
genus,Geijera,division,Angiosperm,1753823,22,0.944994,0.635705,0.613948,0.529363,1.00205,196.687,3.10639
genus,Ginkgo,genus,Ginkgo,20983,20,1.14248,0.414964,0.491845,0.375288,1.00205,151.688,3.53756
genus,Gleditsia,genus,Gleditsia,44728,19,1.00724,0.579885,0.524924,0.542142,1.00205,123.288,3.14247
genus,Grevillea,division,Angiosperm,1753823,22,0.944994,0.635705,0.613948,0.529363,1.00205,196.687,3.10639
genus,Gymnocladus,genus,Gymnocladus,20947,17,1.32441,0.315861,0.379201,0.257284,1.00205,95.8549,4.04023
genus,Halesia,genus,Halesia,352,7,1.06899,0.549277,0.661344,0.230486,1.28405,31.6906,3.62436
genus,Hamamelis,division,Angiosperm,1753823,22,0.944994,0.635705,0.613948,0.529363,1.00205,196.687,3.10639
genus,Harpephyllum,division,Angiosperm,1753823,22,0.944994,0.635705,0.613948,0.529363,1.00205,196.687,3.10639
genus,Heteromeles,division,Angiosperm,1753823,22,0.944994,0.635705,0.613948,0.529363,1.00205,196.687,3.10639
genus,Hibiscus,division,Angiosperm,1753823,22,0.944994,0.635705,0.613948,0.529363,1.00205,196.687,3.10639
genus,Hymenosporum,division,Angiosperm,1753823,22,0.944994,0.635705,0.613948,0.529363,1.00205,196.687,3.10639
genus,Ilex,division,Angiosperm,1753823,22,0.944994,0.635705,0.613948,0.529363,1.00205,196.687,3.10639
genus,Jacaranda,division,Angiosperm,1753823,22,0.944994,0.635705,0.613948,0.529363,1.00205,196.687,3.10639
genus,Juglans,genus,Juglans,6082,16,0.700847,0.686983,0.731371,0.381404,1.00205,181.687,2.63346
genus,Juniperus,division,Gymnosperm,129650,21,1.0042,0.597991,0.693953,0.400249,1.00205,197.687,3.47289
genus,Koelreuteria,genus,Koelreuteria,6101,14,1.3867,0.456937,0.655764,0.33687,1.17728,66.6913,4.96154
genus,Lagerstroemia,division,Angiosperm,1753823,22,0.944994,0.635705,0.613948,0.529363,1.00205,196.687,3.10639
genus,Lagunaria,genus,Lagunaria,645,3,1.1336,0.436671,0.508164,0.224471,1.03217,48.5804,3.53499
genus,Larix,genus,Larix,9558,12,1.07916,0.501791,0.468674,0.404087,1.00205,116.69,3.28376
genus,Laurus,division,Angiosperm,1753823,22,0.944994,0.635705,0.613948,0.529363,1.00205,196.687,3.10639
genus,Leptospermum,division,Angiosperm,1753823,22,0.944994,0.635705,0.613948,0.529363,1.00205,196.687,3.10639
genus,Ligustrum,division,Angiosperm,1753823,22,0.944994,0.635705,0.613948,0.529363,1.00205,196.687,3.10639
genus,Liquidambar,genus,Liquidambar,42811,17,0.986938,0.690884,0.65873,0.386267,1.00479,126.689,3.33309
genus,Liriodendron,genus,Liriodendron,7546,17,1.05022,0.586219,0.76559,0.400573,1.00205,164.687,3.8316
genus,Lophostemon,division,Angiosperm,1753823,22,0.944994,0.635705,0.613948,0.529363,1.00205,196.687,3.10639
genus,Lyonothamnus,genus,Lyonothamnus,209,2,1.50437,0.305046,0.450823,0.253831,1.83984,42.9815,4.98281
genus,Maackia,division,Angiosperm,1753823,22,0.944994,0.635705,0.613948,0.529363,1.00205,196.687,3.10639
genus,Maclura,genus,Maclura,180,7,1.40378,0.563815,0.509965,0.536329,1.30595,104.69,4.63583
genus,Magnolia,genus,Magnolia,31720,17,0.888775,0.625033,0.718923,0.249505,1.013,121.689,3.14936
genus,Malus,genus,Malus,40053,21,1.3236,0.38061,0.418881,0.40183,1.00205,126.689,4.1014
genus,Maytenus,division,Angiosperm,1753823,22,0.944994,0.635705,0.613948,0.529363,1.00205,196.687,3.10639
genus,Melaleuca,division,Angiosperm,1753823,22,0.944994,0.635705,0.613948,0.529363,1.00205,196.687,3.10639
genus,Melia,division,Angiosperm,1753823,22,0.944994,0.635705,0.613948,0.529363,1.00205,196.687,3.10639
genus,Metasequoia,genus,Metasequoia,3938,14,0.977406,0.746011,0.559492,0.581161,1.17454,146.689,3.10782
genus,Metrosideros,genus,Metrosideros,1846,3,0.566724,0.666429,0.659439,0.210978,2.19302,70.2396,2.19055
genus,Morus,division,Angiosperm,1753823,22,0.944994,0.635705,0.613948,0.529363,1.00205,196.687,3.10639
genus,Myoporum,division,Angiosperm,1753823,22,0.944994,0.635705,0.613948,0.529363,1.00205,196.687,3.10639
genus,Nerium,division,Angiosperm,1753823,22,0.944994,0.635705,0.613948,0.529363,1.00205,196.687,3.10639
genus,Nyssa,genus,Nyssa,5525,15,1.45911,0.35861,0.406906,0.319341,1.01848,42.6913,4.67345
genus,Olea,genus,Olea,3834,5,0.681586,0.691998,0.705127,0.241402,1.07871,70.2396,2.53499
genus,Ostrya,genus,Ostrya,5278,17,1.32096,0.323804,0.398265,0.258014,1.00205,125.054,4.05627
genus,Parrotia,genus,Parrotia,4123,11,1.45511,0.357236,0.367258,0.390582,1.07871,92.6899,4.58391
genus,Paulownia,division,Angiosperm,1753823,22,0.944994,0.635705,0.613948,0.529363,1.00205,196.687,3.10639
genus,Persea,division,Angiosperm,1753823,22,0.944994,0.635705,0.613948,0.529363,1.00205,196.687,3.10639
genus,Phellodendron,genus,Phellodendron,3260,12,1.07286,0.495616,0.427263,0.476605,1.00205,122.376,3.20315
genus,Photinia,division,Angiosperm,1753823,22,0.944994,0.635705,0.613948,0.529363,1.00205,196.687,3.10639
genus,Picea,genus,Picea,31496,17,0.946458,0.572421,0.496083,0.467729,1.00205,96.6899,2.91394
genus,Pinus,genus,Pinus,46943,19,1.04191,0.609642,0.735892,0.369839,1.00205,183.688,3.71612
genus,Pistacia,genus,Pistacia,3614,7,1.27971,0.478039,0.581073,0.36212,1.03491,54.0671,4.25688
genus,Pittosporum,division,Angiosperm,1753823,22,0.944994,0.635705,0.613948,0.529363,1.00205,196.687,3.10639
genus,Platanus,genus,Platanus,55782,20,1.10264,0.676283,0.529648,0.643617,1.00205,193.687,3.46565
genus,Platycladus,division,Gymnosperm,129650,21,1.0042,0.597991,0.693953,0.400249,1.00205,197.687,3.47289
genus,Podocarpus,division,Gymnosperm,129650,21,1.0042,0.597991,0.693953,0.400249,1.00205,197.687,3.47289
genus,Populus,genus,Populus,36585,19,0.650123,0.782636,0.540042,0.672196,1.00205,183.688,2.21654
genus,Prunus,genus,Prunus,61432,20,1.35734,0.437931,0.588229,0.313995,1.00205,126.689,4.61979
genus,Pseudotsuga,genus,Pseudotsuga,1001,11,-0.362753,1.05502,0.851371,0.665646,1.00205,146.689,0.999664
genus,Pterocarya,genus,Pterocarya,646,6,1.07186,0.759702,0.472427,0.665094,1.0924,164.687,3.26565
genus,Punica,division,Angiosperm,1753823,22,0.944994,0.635705,0.613948,0.529363,1.00205,196.687,3.10639
genus,Pyrus,division,Angiosperm,1753823,22,0.944994,0.635705,0.613948,0.529363,1.00205,196.687,3.10639
genus,Quercus,genus,Quercus,134633,21,1.02479,0.640103,0.55826,0.642989,1.00205,196.687,3.25638
genus,Rhamnus,division,Angiosperm,1753823,22,0.944994,0.635705,0.613948,0.529363,1.00205,196.687,3.10639
genus,Rhaphiolepis,division,Angiosperm,1753823,22,0.944994,0.635705,0.613948,0.529363,1.00205,196.687,3.10639
genus,Rhododendron,division,Angiosperm,1753823,22,0.944994,0.635705,0.613948,0.529363,1.00205,196.687,3.10639
genus,Rhus,genus,Rhus,699,8,-1.11591,1.13477,0.832128,0.539337,1.16632,76.6899,0.463155
genus,Robinia,genus,Robinia,16766,18,1.08006,0.667408,0.495942,0.46723,1.02122,150.689,3.33024
genus,Salix,genus,Salix,8356,15,0.879847,0.716451,0.622184,0.518463,1.01574,175.688,2.92532
genus,Sambucus,division,Angiosperm,1753823,22,0.944994,0.635705,0.613948,0.529363,1.00205,196.687,3.10639
genus,Sapium,division,Angiosperm,1753823,22,0.944994,0.635705,0.613948,0.529363,1.00205,196.687,3.10639
genus,Sassafras,genus,Sassafras,124,8,0.830243,0.709801,0.834906,0.212696,1.05407,24.6899,3.2504
genus,Schinus,division,Angiosperm,1753823,22,0.944994,0.635705,0.613948,0.529363,1.00205,196.687,3.10639
genus,Sequoia,division,Gymnosperm,129650,21,1.0042,0.597991,0.693953,0.400249,1.00205,197.687,3.47289
genus,Sequoiadendron,genus,Sequoiadendron,166,8,0.938528,0.711118,0.800801,0.381672,1.73306,176.687,3.5225
genus,Sorbus,genus,Sorbus,13339,18,1.04553,0.532091,0.42979,0.604031,1.00205,106.691,3.12017
genus,Stewartia,division,Angiosperm,1753823,22,0.944994,0.635705,0.613948,0.529363,1.00205,196.687,3.10639
genus,Strelitzia,division,Angiosperm,1753823,22,0.944994,0.635705,0.613948,0.529363,1.00205,196.687,3.10639
genus,Styphnolobium,genus,Styphnolobium,4134,11,1.09326,0.653598,0.439438,0.657185,1.23477,146.689,3.28648
genus,Styrax,division,Angiosperm,1753823,22,0.944994,0.635705,0.613948,0.529363,1.00205,196.687,3.10639
genus,Syringa,genus,Syringa,30954,19,1.28676,0.342227,0.401833,0.32612,1.00205,125.054,3.92552
genus,Syzygium,division,Angiosperm,1753823,22,0.944994,0.635705,0.613948,0.529363,1.00205,196.687,3.10639
genus,Tabebuia,division,Angiosperm,1753823,22,0.944994,0.635705,0.613948,0.529363,1.00205,196.687,3.10639
genus,Taxodium,genus,Taxodium,3798,13,1.20127,0.574698,0.471963,0.538332,1.05681,164.687,3.716
genus,Taxus,division,Gymnosperm,129650,21,1.0042,0.597991,0.693953,0.400249,1.00205,197.687,3.47289
genus,Tetradium,genus,Tetradium,164,5,1.45509,0.435325,0.66078,0.290679,1.68925,66.6913,5.33029
genus,Thuja,genus,Thuja,1841,19,0.493433,0.727352,0.737099,0.502966,1.10883,121.689,2.14919
genus,Tilia,genus,Tilia,210588,21,0.894997,0.693113,0.330297,0.823709,1.00205,191.688,2.58453
genus,Tipuana,division,Angiosperm,1753823,22,0.944994,0.635705,0.613948,0.529363,1.00205,196.687,3.10639
genus,Tristaniopsis,division,Angiosperm,1753823,22,0.944994,0.635705,0.613948,0.529363,1.00205,196.687,3.10639
genus,Tsuga,genus,Tsuga,1965,12,1.31733,0.995064,1.14488,0.334207,1.00205,77.6893,7.1901
genus,Ulmus,genus,Ulmus,128349,21,0.971551,0.680333,0.506712,0.592429,1.00205,183.688,3.00395
genus,Viburnum,genus,Viburnum,480,9,1.09563,0.391546,0.479256,0.364642,1.12799,35.7591,3.35506
genus,Xylosma,division,Angiosperm,1753823,22,0.944994,0.635705,0.613948,0.529363,1.00205,196.687,3.10639
genus,Yucca,division,Angiosperm,1753823,22,0.944994,0.635705,0.613948,0.529363,1.00205,196.687,3.10639
genus,Zelkova,genus,Zelkova,14363,15,1.28869,0.569898,0.448759,0.577797,1.02396,154.689,4.01236
division,Angiosperm,division,Angiosperm,1753823,22,0.944994,0.635705,0.613948,0.529363,1.00205,196.687,3.10639
division,Gymnosperm,division,Gymnosperm,129650,21,1.0042,0.597991,0.693953,0.400249,1.00205,197.687,3.47289
global,all,global,all,1894017,23,0.947606,0.632775,0.623462,0.516868,1.00205,197.687,3.1329
